,PRICE,EMI,YEAR,BRAND,MODEL,KM,OWNER,FUELTYPE
0,561899,12499,2017,Hyundai,Xcent,31063,1st,Petrol
1,415999,9254,2012,Maruti,Swift,83939,1st,Diesel
2,669099,14884,2018,Maruti,Dzire,27960,1st,Petrol
3,558399,12421,2017,Hyundai,Elitei20,11371,1st,Petrol
4,588999,13102,2014,Nissan,Terrano,24865,1st,Diesel
5,827399,18405,2019,Honda,Amaze,23810,2nd,Diesel
6,304399,6771,2013,Maruti,WagonR1.0,80310,2nd,Petrol
7,865499,19253,2017,Ford,Ecosport,63,1st,Petrol
8,353299,7859,2013,Maruti,WagonR1.0,28994,1st,Petrol
9,642099,14283,2016,Maruti,Baleno,42062,1st,Petrol
10,610199,13574,2015,Maruti,Ciaz,79783,1st,Petrol
11,357699,7957,2014,Maruti,WagonR1.0,25677,1st,Petrol
12,909999,20242,2017,Maruti,Ertiga,15427,1st,Diesel
13,1075399,23922,2019,KIA,SELTOS,12872,1st,Petrol
14,1119299,24898,2020,KIA,SELTOS,22656,1st,Petrol
15,1193899,26558,2017,Tata,Hexa,72986,1st,Diesel
16,1166899,25957,2014,Honda,CRV,102872,1st,Petrol
17,1376799,30626,2011,BMW,5Series,77266,1st,Diesel
18,567899,12633,2016,Maruti,SwiftDzire,34941,1st,Petrol
19,1725899,38392,2019,KIA,SELTOS,14320,1st,Petrol
20,1617199,35974,2019,KIA,SELTOS,5348,1st,Petrol
21,522699,11627,2014,Hyundai,Elitei20,32024,2nd,Petrol
22,340899,7583,2011,Toyota,Etios,66446,1st,Petrol
23,353099,7854,2015,Maruti,AltoK10,9226,1st,Petrol
24,543599,12092,2015,Honda,City,64636,2nd,Petrol
25,839099,18665,2021,Toyota,Glanza,7752,1st,Petrol
26,772899,17193,2018,Toyota,YARIS,28949,1st,Petrol
27,587099,13060,2016,Hyundai,i20Active,47343,1st,Petrol
28,1958799,43572,2016,Skoda,Superb,46208,1st,Diesel
29,1365199,30368,2017,Toyota,InnovaCrysta,42637,1st,Petrol
30,1671599,37184,2019,MG,HECTOR,13457,2nd,Petrol
31,1766499,39295,2020,MG,HECTOR,4454,1st,Petrol
32,639899,14234,2016,Hyundai,i20Active,18494,1st,Petrol
33,686699,15275,2015,Mahindra,XUV500,112788,3rd,Diesel
34,1800099,40042,2019,MG,HECTOR,14939,1st,Diesel
35,1804899,40149,2019,MG,HECTOR,2978,1st,Petrol
36,895999,19931,2018,Tata,NEXON,19568,1st,Diesel
37,1184399,26346,2019,Maruti,Ertiga,57839,2nd,Diesel
38,574199,12773,2015,Hyundai,i20Active,6990,1st,Petrol
39,595199,13240,2016,Hyundai,i20Active,22289,2nd,Petrol
40,432099,9612,2013,Honda,Amaze,39054,2nd,Diesel
41,608999,13547,2016,Hyundai,i20Active,82548,1st,Diesel
42,619299,13776,2015,Maruti,SCross,121131,1st,Diesel
43,526899,11721,2015,Hyundai,i20Active,45786,1st,Petrol
44,518699,11538,2016,Hyundai,Elitei20,67589,2nd,Petrol
45,582199,12951,2014,Ford,Ecosport,54930,2nd,Diesel
46,893899,19884,2015,Hyundai,Creta,110584,1st,Diesel
47,1527299,33974,2018,Jeep,Compass,25460,2nd,Petrol
48,581799,12942,2015,Hyundai,i20Active,75334,2nd,Diesel
49,1631499,36292,2020,MG,HECTOR,9047,1st,Petrol
50,1858399,41339,2019,Honda,Civic,19570,1st,Petrol
51,973799,21662,2016,Toyota,CorollaAltis,90835,1st,Petrol
52,462399,10286,2015,Ford,FigoAspire,59038,1st,Diesel
53,667299,14844,2017,Honda,City,23217,2nd,Petrol
54,504599,11225,2013,Maruti,Ertiga,33284,4th,Petrol
55,582299,12953,2016,Hyundai,Elitei20,19327,1st,Petrol
56,1213499,26994,2018,Mahindra,MARAZZO,7022,1st,Diesel
57,1123499,24992,2018,Mahindra,MARAZZO,37441,1st,Diesel
58,1067399,23744,2020,Hyundai,VENUE,17977,1st,Petrol
59,1106899,24622,2016,Hyundai,Creta,11262,1st,Petrol
60,814899,18127,2017,Maruti,SCross,26334,1st,Diesel
61,509999,11345,2016,Hyundai,Elitei20,65640,1st,Petrol
62,611599,13605,2016,Hyundai,Elitei20,20429,1st,Petrol
63,980599,21813,2018,Tata,Hexa,66457,1st,Diesel
64,1020799,22707,2019,Hyundai,VENUE,95765,1st,Diesel
65,1341299,29836,2018,Tata,Hexa,44942,1st,Diesel
66,1428399,31774,2013,BMW,5Series,93457,2nd,Diesel
67,833699,18545,2017,Maruti,VitaraBrezza,68492,1st,Diesel
68,796099,17709,2017,Honda,WR-V,14681,1st,Petrol
69,521699,11605,2017,Tata,Tiago,26401,1st,Petrol
70,999899,22242,2018,Tata,Hexa,35845,1st,Diesel
71,693499,15427,2017,Maruti,VitaraBrezza,51514,1st,Diesel
72,583599,12982,2019,Renault,TRIBER,4154,1st,Petrol
73,844299,18781,2020,Tata,ALTROZ,13557,1st,Petrol
74,967899,21530,2020,Maruti,VitaraBrezza,18943,1st,Petrol
75,521299,11596,2016,Hyundai,Elitei20,129789,1st,Petrol
76,757499,16850,2016,Maruti,VitaraBrezza,67227,1st,Diesel
77,548799,12208,2019,Maruti,NewWagon-R,11713,1st,Petrol
78,887599,19744,2017,Hyundai,Creta,24663,1st,Petrol
79,619699,13785,2015,Hyundai,Elitei20,76220,1st,Diesel
80,619999,13792,2019,Maruti,NewWagon-R,21628,1st,Petrol
81,775699,17255,2016,Maruti,VitaraBrezza,38563,1st,Diesel
82,526099,11703,2014,Hyundai,Elitei20,98976,1st,Petrol
83,1139899,25356,2018,Mahindra,Scorpio,65738,1st,Diesel
84,805099,17909,2017,Maruti,SCross,43867,1st,Diesel
85,765499,17028,2020,Toyota,Glanza,8926,1st,Petrol
86,649799,14454,2016,Nissan,Terrano,133960,1st,Diesel
87,526799,11718,2013,Ford,Ecosport,83574,2nd,Diesel
88,885399,19695,2017,Maruti,Ertiga,25713,2nd,Diesel
89,495699,11027,2014,Hyundai,Elitei20,45800,1st,Petrol
90,745199,16577,2017,Maruti,VitaraBrezza,46304,1st,Diesel
91,655199,14575,2015,Maruti,Ciaz,23382,1st,Petrol
92,729399,16225,2017,Maruti,SCross,67396,1st,Diesel
93,766099,17041,2019,Toyota,Glanza,41936,1st,Petrol
94,1108899,24667,2016,Hyundai,Creta,22926,1st,Petrol
95,658499,14648,2017,Hyundai,i20Active,12910,1st,Petrol
96,870299,19359,2019,Toyota,Glanza,2407,1st,Petrol
97,667499,14848,2017,Maruti,Dzire,19822,1st,Petrol
98,651899,14501,2017,Maruti,Dzire,57854,1st,Petrol
99,887899,19751,2018,Honda,WR-V,6712,1st,Petrol
100,606799,13498,2015,Maruti,Ciaz,102534,1st,Diesel
101,820699,18256,2016,Maruti,Ertiga,33931,1st,Diesel
102,948499,21099,2013,Toyota,Innova,80401,1st,Diesel
103,636699,14163,2020,Maruti,NewWagon-R,20611,1st,Petrol
104,861899,19172,2018,Honda,WR-V,16631,1st,Petrol
105,639699,14230,2016,Maruti,Ciaz,23205,1st,Petrol
106,649099,14439,2019,Renault,TRIBER,25688,1st,Petrol
107,588599,13093,2016,Maruti,Baleno,83439,1st,Petrol
108,588399,13089,2016,Maruti,Baleno,40087,1st,Petrol
109,683899,15213,2018,Maruti,Dzire,19340,2nd,Petrol
110,577699,12851,2016,Maruti,Baleno,24958,1st,Petrol
111,627799,13965,2018,Maruti,Dzire,9098,1st,Petrol
112,673999,14993,2018,Maruti,Dzire,15755,1st,Petrol
113,616699,13718,2016,Maruti,Baleno,34669,1st,Petrol
114,666999,14837,2016,Maruti,Baleno,44743,1st,Diesel
115,637699,14185,2016,Maruti,Baleno,47080,1st,Petrol
116,634699,14119,2016,Maruti,Baleno,8783,1st,Petrol
117,820399,18249,2017,Maruti,Ertiga,53560,1st,Diesel
118,730199,16243,2017,Maruti,Dzire,49534,1st,Diesel
119,699199,15553,2017,Maruti,Dzire,161225,1st,Diesel
120,709199,15776,2017,Maruti,Dzire,107185,1st,Diesel
121,844499,18785,2017,Maruti,SCross,37727,1st,Diesel
122,388099,8633,2014,Hyundai,i10,13068,1st,Petrol
123,702999,15638,2018,Maruti,Dzire,29533,2nd,Petrol
124,585799,13031,2015,Maruti,Baleno,46657,1st,Petrol
125,585099,13015,2015,Maruti,Baleno,61210,1st,Petrol
126,609999,13569,2015,Maruti,Baleno,42432,1st,Diesel
127,704199,15665,2018,Maruti,Dzire,6778,1st,Petrol
128,1188699,26442,2020,Hyundai,VENUE,14942,1st,Petrol
129,713999,15883,2018,Maruti,Dzire,18895,1st,Petrol
130,713999,15883,2018,Maruti,Dzire,14904,1st,Petrol
131,732699,16298,2018,Maruti,Dzire,68062,1st,Diesel
132,802499,17851,2018,Honda,WR-V,14866,2nd,Petrol
133,844799,18792,2018,Honda,WR-V,25586,1st,Petrol
134,999399,22231,2015,Toyota,Innova,107930,1st,Diesel
135,889999,19798,2018,Honda,WR-V,65894,1st,Diesel
136,814999,18129,2018,Maruti,Dzire,30200,2nd,Diesel
137,792199,17622,2016,Maruti,VitaraBrezza,47324,1st,Diesel
138,568499,12646,2017,Maruti,IGNIS,28871,1st,Petrol
139,397699,8847,2012,Maruti,Swift,41008,1st,Petrol
140,566299,12597,2017,Maruti,IGNIS,16256,1st,Petrol
141,708999,15771,2016,Maruti,Ertiga,130674,1st,Diesel
142,770399,17137,2016,Maruti,Ertiga,67854,1st,Diesel
143,677199,15064,2017,Maruti,SCross,103773,1st,Diesel
144,641699,14274,2015,Hyundai,Elitei20,32895,1st,Diesel
145,547599,12181,2017,Maruti,IGNIS,14854,1st,Petrol
146,557099,12392,2015,Maruti,Baleno,30817,1st,Petrol
147,895899,19929,2016,Maruti,Ertiga,57921,1st,Diesel
148,803499,17873,2018,Maruti,Dzire,23726,1st,Diesel
149,484199,10771,2017,Maruti,IGNIS,40132,1st,Petrol
150,1047799,23308,2019,Hyundai,VENUE,58088,1st,Diesel
151,1051699,23394,2019,Hyundai,VENUE,7776,1st,Petrol
152,587399,13066,2016,Honda,Jazz,87688,1st,Petrol
153,813899,18105,2018,Honda,WR-V,49968,2nd,Diesel
154,510899,11365,2017,Maruti,IGNIS,20947,1st,Petrol
155,779899,17348,2018,Maruti,Dzire,53168,1st,Diesel
156,1564199,34795,2018,Jeep,Compass,13908,1st,Petrol
157,500099,11124,2017,Maruti,IGNIS,24904,1st,Petrol
158,654099,14550,2016,Honda,Jazz,27805,1st,Petrol
159,400499,8909,2014,Maruti,Celerio,49448,1st,Petrol
160,399199,8880,2014,Maruti,Celerio,38332,1st,Petrol
161,529599,11781,2017,Hyundai,Elitei20,19561,2nd,Petrol
162,520699,11583,2016,Honda,Jazz,41262,1st,Petrol
163,379199,8435,2014,Maruti,Celerio,14283,1st,Petrol
164,703599,15651,2017,Maruti,Dzire,66990,1st,Diesel
165,1122099,24960,2019,Hyundai,VENUE,26448,1st,Petrol
166,927799,20638,2019,Hyundai,VENUE,11482,1st,Diesel
167,371599,8266,2013,Hyundai,Grandi10,36143,1st,Petrol
168,1044399,23232,2020,Renault,Duster,16887,1st,Petrol
169,1745299,38823,2019,Honda,Civic,29075,1st,Petrol
170,358299,7970,2011,Hyundai,i20,55849,2nd,Petrol
171,1054799,23463,2017,Hyundai,Creta,67764,1st,Petrol
172,1178599,26217,2019,Tata,NEXON,16184,1st,Diesel
173,604099,13438,2016,Hyundai,Elitei20,44467,1st,Petrol
174,318299,7080,2012,Honda,Brio,59285,1st,Petrol
175,1064499,23679,2019,Hyundai,VENUE,35592,1st,Diesel
176,635199,14130,2018,Ford,FigoAspire,28177,1st,Diesel
177,994699,22127,2017,Hyundai,Creta,35751,1st,Diesel
178,455999,10143,2015,Maruti,Celerio,46089,1st,Petrol
179,465899,10364,2015,Maruti,Celerio,14477,1st,Petrol
180,422099,9389,2014,Hyundai,Grandi10,14086,1st,Petrol
181,416799,9271,2014,Hyundai,Grandi10,20884,1st,Petrol
182,1118399,24878,2017,Hyundai,Creta,52332,1st,Petrol
183,796399,17715,2018,Renault,Duster,31130,1st,Diesel
184,337399,7505,2017,Renault,Kwid,57002,1st,Petrol
185,604799,13453,2015,Ford,Ecosport,28391,1st,Petrol
186,600899,13367,2017,Hyundai,Elitei20,63089,1st,Petrol
187,503799,11207,2015,Honda,Jazz,34504,1st,Petrol
188,331099,7365,2017,Renault,Kwid,31147,1st,Petrol
189,689299,15333,2018,Honda,Amaze,14604,1st,Petrol
190,723599,16096,2018,Honda,Amaze,11852,1st,Petrol
191,565799,12586,2018,Ford,FigoAspire,47965,1st,Diesel
192,647699,14408,2016,Honda,City,68794,1st,Petrol
193,519399,11554,2018,Maruti,IGNIS,3248,1st,Petrol
194,1750999,38950,2018,Toyota,InnovaCrysta,37536,1st,Diesel
195,427499,9509,2015,Maruti,Celerio,17993,1st,Petrol
196,583499,12980,2017,Hyundai,Elitei20,22276,2nd,Petrol
197,1152299,25632,2017,Hyundai,Verna,43660,1st,Diesel
198,574599,12782,2017,Hyundai,Elitei20,22484,1st,Petrol
199,419799,9338,2015,Maruti,Celerio,41959,1st,Petrol
200,1257199,27966,2018,Hyundai,Creta,11479,1st,Petrol
201,583299,12975,2017,Hyundai,Elitei20,24667,1st,Petrol
202,343699,7645,2017,Renault,Kwid,29055,1st,Petrol
203,529899,11787,2018,Tata,Tiago,16384,1st,Petrol
204,915199,20358,2018,Honda,City,15834,1st,Petrol
205,1754799,39035,2018,Toyota,InnovaCrysta,43187,1st,Diesel
206,1178399,26213,2018,Hyundai,Verna,22725,1st,Petrol
207,1193299,26544,2018,Hyundai,Verna,22533,1st,Petrol
208,1180499,26260,2018,Hyundai,Verna,15610,1st,Petrol
209,899499,20009,2018,Maruti,SCross,48898,1st,Diesel
210,1208699,26887,2018,Hyundai,Verna,29110,1st,Petrol
211,775199,17244,2012,Toyota,Innova,169877,2nd,Diesel
212,627999,13969,2018,Ford,FigoAspire,31641,2nd,Diesel
213,747599,16630,2012,Toyota,Innova,113429,2nd,Diesel
214,369599,8222,2019,Renault,Kwid,27241,1st,Petrol
215,476099,10591,2017,Ford,FigoAspire,17259,2nd,Petrol
216,930499,20698,2018,Honda,City,18363,1st,Petrol
217,1912999,42554,2018,Toyota,InnovaCrysta,38389,1st,Diesel
218,973099,21646,2017,Honda,City,24280,2nd,Petrol
219,392199,8724,2017,Maruti,Celerio,66663,1st,Petrol
220,1156299,25721,2017,Hyundai,Creta,79362,1st,Diesel
221,1099199,24451,2018,Hyundai,Verna,16869,2nd,Petrol
222,1163199,25875,2018,Hyundai,Verna,24240,2nd,Petrol
223,627299,13954,2017,Hyundai,Elitei20,53476,2nd,Diesel
224,815199,18134,2017,Ford,Ecosport,30321,1st,Diesel
225,1111899,24734,2019,Maruti,Ertiga,18528,2nd,Petrol
226,902399,20073,2017,Honda,City,22687,1st,Petrol
227,472899,10519,2020,Maruti,SPRESSO,6794,2nd,Petrol
228,748899,16659,2017,Volkswagen,Polo,29951,2nd,Petrol
229,359799,8004,2019,Maruti,Alto,21494,2nd,Petrol
230,1148599,25550,2018,Hyundai,Verna,44927,1st,Diesel
231,810299,18025,2019,Honda,Amaze,15798,1st,Petrol
232,553699,12317,2014,Honda,City,57968,1st,Petrol
233,970399,21586,2018,Honda,City,24848,1st,Petrol
234,794699,17678,2017,Ford,Ecosport,44755,1st,Petrol
235,893099,19866,2018,Maruti,Ertiga,52554,1st,Diesel
236,833599,18543,2017,Ford,Ecosport,30075,1st,Petrol
237,956599,21279,2018,Hyundai,Creta,59465,1st,Diesel
238,442499,9843,2013,Volkswagen,Polo,23871,1st,Petrol
239,818699,18212,2017,Ford,Ecosport,13768,2nd,Petrol
240,830399,18472,2019,Honda,Amaze,12829,1st,Petrol
241,1172899,26090,2019,Maruti,SCross,24457,1st,Diesel
242,667999,14859,2016,Volkswagen,Polo,50416,1st,Petrol
243,766999,17061,2017,Ford,Ecosport,41382,1st,Petrol
244,627799,13965,2017,Hyundai,Elitei20,25400,2nd,Petrol
245,522699,11627,2019,Hyundai,NEWSANTRO,13877,2nd,Petrol
246,967799,21528,2017,Ford,Ecosport,27854,1st,Petrol
247,615299,13687,2017,Hyundai,Elitei20,63212,1st,Petrol
248,359099,7988,2016,Honda,Brio,89204,1st,Petrol
249,1402899,31207,2018,Hyundai,Creta,30872,1st,Diesel
250,705399,15691,2016,Ford,Ecosport,42751,1st,Diesel
251,411499,9154,2012,Hyundai,Verna,103072,1st,Petrol
252,1364599,30355,2018,Hyundai,Creta,42360,2nd,Diesel
253,413699,9203,2019,Maruti,Alto,8362,1st,Petrol
254,405399,9018,2012,Hyundai,i20,108837,2nd,Diesel
255,689299,15333,2017,Hyundai,Elitei20,35112,1st,Petrol
256,660999,14704,2017,Hyundai,Elitei20,26359,1st,Petrol
257,1516199,33727,2019,Hyundai,Creta,17341,1st,Petrol
258,521899,11609,2021,Datsun,RediGo,144,1st,Petrol
259,1049199,23339,2019,Maruti,Ertiga,32803,1st,Petrol
260,714799,15900,2017,Hyundai,Elitei20,21982,1st,Petrol
261,711199,15820,2016,Ford,Ecosport,31003,1st,Diesel
262,1232499,27416,2018,Hyundai,Creta,50399,1st,Petrol
263,1448099,32212,2018,Hyundai,Creta,25981,1st,Petrol
264,931199,20714,2019,Ford,Ecosport,17463,1st,Petrol
265,624199,13885,2017,Maruti,Baleno,69269,1st,Petrol
266,824499,18341,2018,Ford,Ecosport,28942,1st,Petrol
267,810299,18025,2018,Ford,Ecosport,13327,1st,Diesel
268,645299,14354,2017,Hyundai,Elitei20,6757,1st,Petrol
269,1095099,24360,2019,Maruti,Ertiga,10344,1st,Petrol
270,653999,14548,2017,Hyundai,Elitei20,14702,1st,Petrol
271,637699,14185,2017,Maruti,Baleno,69276,1st,Petrol
272,692999,15415,2017,Ford,Ecosport,66188,1st,Diesel
273,461099,10257,2018,Tata,Tiago,54646,1st,Petrol
274,867199,19290,2018,Ford,Ecosport,12961,1st,Petrol
275,1067099,23737,2018,Hyundai,Verna,60214,1st,Petrol
276,1116499,24836,2017,Hyundai,Verna,76527,1st,Diesel
277,854299,19003,2018,Ford,Ecosport,19883,1st,Petrol
278,831099,18487,2018,Ford,Ecosport,40399,1st,Petrol
279,597299,13287,2019,Volkswagen,Ameo,6719,1st,Petrol
280,680599,15140,2017,Hyundai,Elitei20,12644,1st,Petrol
281,868399,19317,2018,Ford,Ecosport,40157,1st,Diesel
282,409599,9111,2012,Maruti,Swift,69711,2nd,Diesel
283,507199,11282,2015,Maruti,SwiftDzire,23070,2nd,Petrol
284,625699,13918,2017,Hyundai,Elitei20,25814,1st,Petrol
285,405399,9018,2014,Maruti,Swift,56520,2nd,Petrol
286,700699,15587,2019,Hyundai,Elitei20,29775,1st,Petrol
287,929399,20674,2018,Maruti,Ertiga,65977,1st,Diesel
288,581999,12946,2017,Maruti,Baleno,29396,1st,Petrol
289,366699,8157,2011,Hyundai,i20,43124,1st,Petrol
290,494899,11009,2016,Maruti,Swift,30000,1st,Petrol
291,944899,21019,2018,Ford,Ecosport,14797,1st,Diesel
292,1165499,25926,2019,Hyundai,Verna,24730,1st,Petrol
293,372599,8288,2017,Renault,Kwid,24561,2nd,Petrol
294,511099,11369,2014,Maruti,SwiftDzire,6343,1st,Petrol
295,502999,11189,2014,Maruti,SwiftDzire,20959,1st,Petrol
296,429899,9563,2014,Maruti,SwiftDzire,92728,2nd,Petrol
297,1110899,24711,2019,Honda,City,10806,1st,Petrol
298,450899,10030,2015,Maruti,Swift,55715,1st,Petrol
299,407199,9058,2017,Maruti,WagonR1.0,60858,1st,Petrol
300,660499,14692,2017,Maruti,Baleno,29583,1st,Petrol
301,531099,11814,2015,Maruti,SwiftDzire,10102,1st,Petrol
302,733999,16327,2019,Hyundai,Elitei20,1898,1st,Petrol
303,381299,8482,2016,Maruti,WagonR1.0,61774,1st,Petrol
304,651999,14503,2017,Maruti,Baleno,31950,1st,Petrol
305,919299,20449,2018,Ford,Ecosport,56305,1st,Diesel
306,787699,17522,2019,Hyundai,Elitei20,7605,1st,Petrol
307,367999,8186,2017,Renault,Kwid,7714,1st,Petrol
308,1097199,24407,2020,Volkswagen,Polo,3112,1st,Petrol
309,810799,18036,2019,Hyundai,Elitei20,192,1st,Petrol
310,337799,7514,2012,Honda,Jazz,52438,2nd,Petrol
311,1348699,30001,2021,Hyundai,VENUE,1340,1st,Petrol
312,757299,16846,2019,Hyundai,Elitei20,10421,1st,Petrol
313,645699,14363,2016,Maruti,SwiftDzire,37551,1st,Diesel
314,415399,9240,2012,Maruti,Swift,81690,1st,Diesel
315,397799,8849,2012,Hyundai,i20,47774,1st,Petrol
316,472699,10515,2014,Hyundai,i20,9015,2nd,Petrol
317,622299,13843,2017,Maruti,Baleno,8136,1st,Petrol
318,632199,14063,2017,Maruti,Baleno,12840,2nd,Petrol
319,384699,8557,2017,Maruti,WagonR1.0,23623,2nd,Petrol
320,403599,8978,2016,Maruti,Celerio,39771,1st,Petrol
321,653099,14528,2016,Maruti,SwiftDzire,76582,1st,Diesel
322,730299,16245,2019,Maruti,Dzire,14755,1st,Petrol
323,895199,19913,2019,Hyundai,Elitei20,19838,1st,Petrol
324,333799,7425,2014,Maruti,WagonR1.0,55353,2nd,Petrol
325,538499,11979,2016,Maruti,SwiftDzire,30173,1st,Petrol
326,529899,11787,2012,Maruti,SwiftDzire,50082,1st,Diesel
327,627299,13954,2018,Maruti,Baleno,26292,1st,Petrol
328,754099,16775,2018,Maruti,VitaraBrezza,24320,2nd,Diesel
329,482199,10726,2014,Hyundai,i20,40369,1st,Petrol
330,622199,13840,2019,Maruti,Swift,17362,1st,Petrol
331,448399,9974,2016,Hyundai,Grandi10,53486,2nd,Petrol
332,482399,10731,2012,Maruti,SwiftDzire,53886,1st,Diesel
333,919199,20447,2018,Ford,Ecosport,11860,1st,Petrol
334,449799,10006,2012,Maruti,SwiftDzire,92029,2nd,Diesel
335,482599,10735,2012,Maruti,SwiftDzire,43795,1st,Diesel
336,746799,16612,2018,Maruti,VitaraBrezza,64199,1st,Diesel
337,782699,17411,2018,Maruti,Swift,26635,1st,Diesel
338,627599,13961,2018,Maruti,Baleno,18380,1st,Petrol
339,444399,9885,2015,Maruti,Swift,28123,2nd,Petrol
340,578499,12868,2016,Toyota,EtiosLiva,62324,1st,Diesel
341,946499,21054,2019,Hyundai,Elitei20,1026,1st,Petrol
342,793799,17658,2020,Maruti,Dzire,3000,1st,Petrol
343,482799,10740,2013,Maruti,SwiftDzire,161540,1st,Diesel
344,1016199,22605,2020,Maruti,VitaraBrezza,13111,1st,Petrol
345,891799,19838,2019,Maruti,VitaraBrezza,44471,1st,Diesel
346,891799,19838,2019,Maruti,VitaraBrezza,27771,1st,Diesel
347,602699,13407,2017,Maruti,Swift,23547,1st,Diesel
348,531099,11814,2015,Maruti,SwiftDzire,51016,1st,Petrol
349,891799,19838,2019,Maruti,VitaraBrezza,21250,1st,Diesel
350,333599,7421,2014,Hyundai,i10,25029,2nd,Petrol
351,885999,19709,2018,Maruti,VitaraBrezza,26395,1st,Diesel
352,799599,17787,2019,Maruti,Dzire,34404,1st,Diesel
353,450299,10017,2013,Maruti,SwiftDzire,27784,1st,Petrol
354,901499,20053,2018,Maruti,VitaraBrezza,20210,1st,Diesel
355,402299,8949,2018,Hyundai,Eon,12881,1st,Petrol
356,891799,19838,2019,Maruti,VitaraBrezza,24446,1st,Diesel
357,1066299,23719,2020,Maruti,VitaraBrezza,6129,1st,Petrol
358,891799,19838,2019,Maruti,VitaraBrezza,16664,2nd,Diesel
359,783199,17422,2019,Maruti,Dzire,3202,1st,Petrol
360,798799,17769,2018,Maruti,Baleno,53267,1st,Diesel
361,485699,10804,2014,Maruti,SwiftDzire,66552,1st,Petrol
362,351899,7828,2018,Maruti,AltoK10,58970,1st,Petrol
363,570999,12702,2017,Maruti,Swift,14505,1st,Petrol
364,1095199,24362,2021,Maruti,VitaraBrezza,2184,1st,Petrol
365,510999,11367,2017,Hyundai,Grandi10,39905,1st,Petrol
366,528599,11758,2017,Hyundai,Grandi10,32683,1st,Diesel
367,536699,11939,2014,Maruti,SwiftDzire,108079,1st,Diesel
368,489999,10900,2014,Maruti,SwiftDzire,40738,1st,Petrol
369,953899,21219,2019,Maruti,VitaraBrezza,45082,1st,Diesel
370,891799,19838,2019,Maruti,VitaraBrezza,6035,1st,Diesel
371,891799,19838,2019,Maruti,VitaraBrezza,5899,1st,Diesel
372,479299,10662,2018,Maruti,Celerio,42234,1st,Petrol
373,500899,11142,2018,Maruti,WagonR1.0,51149,1st,Petrol
374,663399,14757,2020,Tata,Tiago,15174,1st,Petrol
375,448699,9981,2014,Maruti,Swift,143871,1st,Diesel
376,444399,9885,2013,Hyundai,i10,31550,1st,Petrol
377,952299,21183,2019,Maruti,VitaraBrezza,14616,2nd,Diesel
378,766699,17055,2019,Maruti,Baleno,22363,1st,Petrol
379,723199,16087,2019,Maruti,Baleno,19383,2nd,Petrol
380,519599,11558,2018,Hyundai,Grandi10,22622,1st,Petrol
381,496599,11047,2019,Renault,Kwid,7547,1st,Petrol
382,654499,14559,2018,Maruti,Baleno,23243,1st,Petrol
383,917899,20418,2019,Maruti,VitaraBrezza,57661,1st,Diesel
384,514499,11445,2020,Renault,Kwid,5855,1st,Petrol
385,1078899,24000,2020,Maruti,VitaraBrezza,4807,1st,Petrol
386,778199,17311,2019,Maruti,Baleno,9248,1st,Petrol
387,415999,9254,2014,Maruti,Swift,22424,2nd,Petrol
388,409599,9111,2017,Maruti,WagonR1.0,17922,3rd,Petrol
389,491099,10924,2014,Maruti,SwiftDzire,40454,1st,Petrol
390,670299,14910,2018,Maruti,Baleno,8909,1st,Petrol
391,564899,12566,2019,Maruti,IGNIS,13058,1st,Petrol
392,357799,7959,2015,Maruti,WagonR1.0,44052,1st,Petrol
393,814299,18114,2019,Maruti,VitaraBrezza,67109,1st,Diesel
394,471999,10499,2017,Hyundai,Grandi10,12320,1st,Petrol
395,955999,21266,2018,Maruti,VitaraBrezza,19139,1st,Diesel
396,1011799,22507,2019,Maruti,VitaraBrezza,29248,1st,Diesel
397,354499,7886,2015,Maruti,WagonR1.0,23397,1st,Petrol
398,345199,7679,2013,Hyundai,i10,42951,3rd,Petrol
399,379399,8440,2017,Maruti,AltoK10,55116,1st,Petrol
400,475199,10571,2016,Hyundai,Grandi10,6353,1st,Petrol
401,604899,13456,2019,Hyundai,Grandi10,25988,1st,Petrol
402,589399,13111,2017,Honda,Brio,14653,1st,Petrol
403,417199,9280,2015,Hyundai,Grandi10,11523,1st,Petrol
404,681099,15151,2018,Honda,Jazz,20426,1st,Petrol
405,435999,9699,2015,Hyundai,Grandi10,46867,1st,Petrol
406,453699,10092,2014,Honda,Brio,75162,1st,Petrol
407,323999,7207,2013,Maruti,WagonR1.0,32504,1st,Petrol
408,477099,10613,2016,Hyundai,Grandi10,40007,1st,Petrol
409,323199,7189,2017,Maruti,AltoK10,38365,2nd,Petrol
410,552799,12297,2016,Hyundai,Grandi10,8632,1st,Petrol
411,437499,9732,2014,Hyundai,i20,40459,3rd,Petrol
412,462299,10284,2016,Hyundai,Grandi10,23600,3rd,Petrol
413,536499,11934,2019,Renault,Kwid,3439,1st,Petrol
414,501699,11160,2016,Hyundai,Grandi10,14520,1st,Petrol
415,567599,12626,2019,Hyundai,Grandi10,10153,1st,Petrol
416,693699,15431,2017,Hyundai,Grandi10,13148,1st,Diesel
417,505999,11256,2019,Renault,Kwid,13373,1st,Petrol
418,425499,9465,2017,Maruti,Celerio,10142,1st,Petrol
419,565399,12577,2019,Hyundai,Grandi10,9086,1st,Petrol
420,374199,8324,2015,Maruti,WagonR1.0,26356,1st,Petrol
421,493299,10973,2015,Hyundai,Grandi10,10267,1st,Petrol
422,483699,10760,2016,Hyundai,Grandi10,27727,1st,Petrol
423,437099,9723,2015,Hyundai,Grandi10,42642,1st,Petrol
424,492999,10966,2016,Hyundai,Grandi10,21555,1st,Petrol
425,526499,11712,2021,Maruti,SPRESSO,5621,1st,Petrol
426,486099,10813,2016,Hyundai,Grandi10,26904,1st,Petrol
427,319699,7112,2017,Maruti,Alto800,20379,1st,Petrol
428,417299,9283,2016,Maruti,Celerio,32156,1st,Petrol
429,642599,14294,2018,Hyundai,Grandi10,13421,1st,Petrol
430,665799,14810,2019,Maruti,IGNIS,12245,1st,Petrol
431,586499,13046,2018,Hyundai,Grandi10,9464,1st,Petrol
432,613299,13642,2017,Hyundai,Grandi10,9365,1st,Petrol
433,575899,12811,2018,Hyundai,Grandi10,8711,1st,Petrol
434,460999,10255,2013,Hyundai,i20,26177,1st,Petrol
435,418599,9312,2016,Maruti,Celerio,29387,1st,Petrol
436,438799,9761,2017,Maruti,Celerio,1300,1st,Petrol
437,422099,9389,2013,Hyundai,i20,41048,2nd,Petrol
438,320999,7140,2017,Maruti,Alto800,19863,1st,Petrol
439,442499,9843,2017,Maruti,Celerio,14428,1st,Petrol
440,416699,9269,2015,Maruti,WagonR1.0,49436,1st,Petrol
441,339599,7554,2013,Maruti,WagonR1.0,21502,1st,Petrol
442,357299,7948,2014,Maruti,WagonR1.0,13563,1st,Petrol
443,434299,9661,2017,Maruti,WagonR1.0,11175,3rd,Petrol
444,333399,7416,2015,Maruti,AltoK10,25490,1st,Petrol
445,344299,7659,2017,Maruti,AltoK10,23363,1st,Petrol
446,317099,7054,2016,Maruti,Alto800,32492,1st,Petrol
447,435099,9679,2019,Maruti,AltoK10,57875,1st,Petrol
448,479999,10677,2016,Hyundai,Grandi10,21422,1st,Petrol
449,383699,8535,2014,Maruti,WagonR1.0,32266,1st,Petrol
450,316599,7043,2017,Maruti,Alto800,5707,1st,Petrol
451,470099,10457,2017,Maruti,Celerio,9506,1st,Petrol
452,363699,8090,2016,Maruti,AltoK10,2121,1st,Petrol
453,417699,9291,2019,Maruti,AltoK10,14939,1st,Petrol
454,379499,8442,2014,Maruti,WagonR1.0,11617,1st,Petrol
455,422299,9394,2018,Maruti,AltoK10,19746,1st,Petrol
456,332199,7390,2018,Maruti,Alto800,10430,1st,Petrol
457,427899,9518,2019,Maruti,AltoK10,9310,1st,Petrol
458,667699,14853,2018,Tata,NEXON,31452,1st,Petrol
459,715499,15916,2018,Tata,NEXON,96906,1st,Diesel
460,827899,18416,2017,Hyundai,Creta,64279,1st,Petrol
461,371599,8266,2015,Maruti,Celerio,38513,2nd,Petrol
462,490899,10920,2017,Maruti,IGNIS,36078,1st,Petrol
463,574299,12775,2016,Maruti,Baleno,11237,2nd,Petrol
464,583199,12973,2016,Maruti,Baleno,25798,1st,Petrol
465,553199,12306,2016,Maruti,Baleno,58063,2nd,Petrol
466,520199,11572,2013,Maruti,SwiftDzire,72893,1st,Diesel
467,510399,11354,2017,Maruti,IGNIS,8454,1st,Petrol
468,229999,5116,2012,Maruti,AltoK10,52465,1st,Petrol
469,334199,7434,2013,Maruti,WagonR1.0,39904,1st,Petrol
470,595499,13247,2015,Maruti,Ciaz,40767,1st,Petrol
471,711699,15831,2014,Toyota,CorollaAltis,22359,2nd,Petrol
472,659899,14679,2016,Maruti,Baleno,45702,1st,Diesel
473,339399,7550,2014,Maruti,WagonR1.0,98080,1st,Petrol
474,538299,11974,2016,Hyundai,i20Active,57004,1st,Petrol
475,360299,8015,2015,Maruti,WagonR1.0,19758,1st,Petrol
476,814799,18125,2017,Maruti,VitaraBrezza,42903,1st,Diesel
477,373099,8299,2015,Maruti,WagonR1.0,36234,2nd,Petrol
478,453599,10090,2018,Maruti,WagonR1.0,38068,1st,Petrol
479,453899,10097,2018,Maruti,WagonR1.0,52371,1st,Petrol
480,640799,14254,2017,Maruti,Baleno,16578,1st,Petrol
481,707899,15747,2018,Maruti,Dzire,40267,1st,Petrol
482,451099,10034,2015,Maruti,Celerio,41221,1st,Petrol
483,547199,12172,2017,Hyundai,Elitei20,40991,1st,Petrol
484,786999,17506,2018,Maruti,Dzire,51484,1st,Diesel
485,1349099,30010,2011,BMW,5Series,39176,2nd,Diesel
486,631499,14047,2017,Hyundai,Elitei20,9197,1st,Petrol
487,523699,11649,2018,Maruti,Swift,9699,1st,Petrol
488,831399,18494,2018,Honda,City,14851,2nd,Petrol
489,475399,10575,2016,Volkswagen,Polo,30243,1st,Petrol
490,554799,12341,2017,Maruti,Swift,20123,1st,Petrol
491,1662699,36986,2017,Hyundai,TucsonNew,64397,1st,Diesel
492,1403799,31227,2017,Jeep,Compass,62695,1st,Diesel
493,614799,13676,2018,Maruti,IGNIS,2377,1st,Petrol
494,1253199,27877,2017,Mahindra,XUV500,42960,1st,Diesel
495,1112299,24742,2018,Honda,City,31698,1st,Petrol
496,607899,13522,2018,Hyundai,Xcent,30001,2nd,Diesel
497,531099,11814,2015,Maruti,SwiftDzire,27866,1st,Petrol
498,530199,11794,2015,Maruti,SwiftDzire,25307,1st,Petrol
499,715299,15911,2018,Honda,Amaze,40267,1st,Petrol
500,788999,17551,2017,Ford,Ecosport,33701,1st,Diesel
501,521699,11605,2018,Maruti,WagonR1.0,5645,1st,Petrol
502,1778899,39571,2018,Jeep,Compass,9447,1st,Petrol
503,1800999,40062,2020,MG,HECTOR,8681,1st,Petrol
504,1838099,40887,2019,MG,HECTOR,28927,1st,Diesel
505,1848899,41128,2019,MG,HECTOR,48939,1st,Diesel
506,696499,15493,2018,Ford,Ecosport,43640,1st,Diesel
507,566099,12593,2016,Honda,Jazz,34461,1st,Petrol
508,1033099,22981,2018,Honda,City,17138,2nd,Petrol
509,1801299,40069,2019,MG,HECTOR,6776,2nd,Petrol
510,743099,16530,2017,Ford,Ecosport,43134,1st,Diesel
511,2094499,46591,2018,Volkswagen,Passat,58249,1st,Diesel
512,551799,12274,2018,Maruti,Celerio,41194,1st,Petrol
513,533199,11861,2018,Maruti,Celerio,57022,1st,Petrol
514,1763099,39219,2019,MG,HECTOR,28478,2nd,Diesel
515,1146899,25512,2020,Hyundai,VENUE,21526,1st,Petrol
516,1187099,26406,2019,Hyundai,VENUE,8917,1st,Petrol
517,1465499,32599,2018,Toyota,CorollaAltis,37885,1st,Petrol
518,2180399,48502,2018,Skoda,Superb,20330,1st,Petrol
519,321199,7145,2013,Honda,Brio,27243,1st,Petrol
520,659063,14660,2016,Maruti,Baleno,32948,1st,Petrol
521,515399,11465,2015,Hyundai,Grandi10,25797,1st,Petrol
522,492099,10946,2016,Hyundai,Grandi10,15650,1st,Petrol
523,1860599,41388,2019,Jeep,Compass,30583,2nd,Petrol
524,472699,10515,2019,Renault,Kwid,4629,1st,Petrol
525,827699,18412,2017,Honda,City,136240,1st,Diesel
526,460199,10237,2016,Hyundai,Grandi10,59532,1st,Petrol
527,408999,9098,2013,Hyundai,i20,91788,1st,Petrol
528,539399,11999,2017,Hyundai,Grandi10,7259,1st,Petrol
529,345000,7674,2015,Hyundai,i10,24535,1st,Petrol
530,174699,3886,2010,Maruti,AStar,53490,1st,Petrol
531,223199,4965,2010,Maruti,AStar,25211,2nd,Petrol
532,438099,9745,2012,Maruti,SwiftDzire,161897,1st,Diesel
533,766699,17055,2017,Mahindra,TUV300,38289,1st,Diesel
534,362699,8068,2014,Maruti,Celerio,46586,1st,Petrol
535,319099,7098,2014,Maruti,WagonR1.0,56827,1st,Petrol
536,307099,6831,2018,Datsun,RediGo,29933,1st,Petrol
537,920899,20485,2017,Maruti,Ertiga,57767,1st,Diesel
538,793199,17644,2016,Maruti,VitaraBrezza,74337,1st,Diesel
539,347499,7730,2009,Toyota,CorollaAltis,53743,1st,Petrol
540,727799,16189,2017,Tata,NEXON,18019,2nd,Petrol
541,674899,15013,2017,Honda,BR-V,37543,1st,Petrol
542,261999,5828,2011,Volkswagen,Polo,158143,1st,Petrol
543,287999,6406,2015,Maruti,AltoK10,13385,1st,Petrol
544,804499,17896,2018,Honda,WR-V,29618,1st,Petrol
545,531099,11814,2015,Maruti,SwiftDzire,29715,1st,Petrol
546,322099,7165,2011,Volkswagen,Polo,42595,2nd,Petrol
547,298599,6642,2017,Datsun,RediGo,10448,1st,Petrol
548,332299,7392,2011,Volkswagen,Polo,38375,1st,Petrol
549,814499,18118,2018,Tata,NEXON,16257,1st,Petrol
550,308099,6853,2016,Renault,Kwid,46713,1st,Petrol
551,3388499,75375,2017,Mercedes,BenzGLCCLASS,52181,1st,Diesel
552,518399,11531,2013,Maruti,Ertiga,147071,1st,Petrol
553,698899,15547,2013,Toyota,Innova,80739,2nd,Diesel
554,386499,8597,2014,Hyundai,Grandi10,42967,2nd,Petrol
555,584999,13013,2017,Honda,WR-V,25508,3rd,Petrol
556,301799,6713,2012,Honda,Brio,24171,2nd,Petrol
557,469899,10453,2017,Hyundai,Xcent,31123,1st,Petrol
558,1720599,38274,2017,Toyota,InnovaCrysta,54730,3rd,Diesel
559,705599,15696,2017,Honda,WR-V,37871,1st,Petrol
560,429899,9563,2016,Tata,Tiago,28615,1st,Petrol
561,997599,22191,2018,Tata,Hexa,29404,1st,Diesel
562,2206899,49091,2017,Toyota,Fortuner,45399,1st,Diesel
563,656899,14612,2017,Maruti,Dzire,32539,1st,Petrol
564,1183399,26324,2017,Hyundai,Creta,52753,1st,Diesel
565,737799,16412,2017,Hyundai,Verna,32920,1st,Petrol
566,729599,16230,2016,Maruti,Ertiga,58796,1st,Diesel
567,398199,8858,2015,Maruti,Celerio,69578,1st,Petrol
568,678699,15097,2015,Honda,City,45379,1st,Petrol
569,409699,9114,2014,Hyundai,Grandi10,56160,1st,Petrol
570,613399,13645,2017,Volkswagen,Polo,16885,1st,Petrol
571,238999,5316,2010,Maruti,AStar,18469,1st,Petrol
572,596299,13264,2017,Hyundai,Elitei20,4249,1st,Petrol
573,791399,17604,2018,Maruti,SCross,37002,1st,Diesel
574,578899,12877,2015,Ford,Ecosport,95843,1st,Petrol
575,520399,11576,2020,Maruti,SPRESSO,6200,1st,Petrol
576,523299,11640,2021,Maruti,IGNIS,543,1st,Petrol
577,1467199,32637,2019,Hyundai,Creta,21909,1st,Petrol
578,379599,8444,2018,Datsun,RediGo,14778,1st,Petrol
579,628099,13972,2016,Maruti,Ciaz,143867,2nd,Diesel
580,1808699,40234,2018,Skoda,Octavia,7762,1st,Petrol
581,836999,18619,2018,Volkswagen,Polo,26124,1st,Petrol
582,416299,9260,2014,Hyundai,i20,42953,2nd,Petrol
583,724899,16125,2019,Maruti,Swift,2823,1st,Petrol
584,400000,8898,2018,Maruti,WagonR1.0,15051,1st,Petrol
585,292599,6509,2016,Maruti,Alto800,48047,1st,Petrol
586,430599,9578,2016,Maruti,WagonR1.0,62942,1st,Petrol
587,160000,3559,2008,Maruti,SwiftDzire,60536,2nd,Petrol
588,388699,8646,2013,Hyundai,i20,33023,1st,Petrol
589,307799,6847,2016,Maruti,Alto800,5089,1st,Petrol
590,317299,7058,2015,Maruti,AltoK10,6742,1st,Petrol
591,193500,4304,2009,Hyundai,i20,97272,3rd,Petrol
592,380000,8453,2015,Honda,Amaze,43351,1st,Petrol
593,420686,9358,2014,Honda,City,80589,1st,Diesel
594,340000,7563,2016,Mahindra,Kuv100,25723,1st,Petrol
595,200000,4449,2011,Skoda,Fabia,80325,1st,Diesel
596,366386,8150,2014,Volkswagen,Vento,63055,1st,Petrol
597,102000,2269,2007,Mahindra,RenaultLogan,13318,1st,Petrol
598,488806,10873,2014,Honda,City,121085,1st,Diesel
599,199912,4447,2013,Hyundai,i10,62618,1st,Petrol
600,480828,10696,2015,Maruti,Ciaz,41135,1st,Petrol
601,1741282,38734,2020,KIA,SELTOS,34000,1st,Petrol
602,430199,9570,2013,Maruti,SwiftDzire,45420,2nd,Petrol
603,1385476,30819,2018,Jeep,Compass,28289,1st,Petrol
604,657199,14619,2014,Maruti,Ertiga,39116,2nd,Petrol
605,345699,7690,2011,Honda,City,63022,2nd,Petrol
606,403699,8980,2013,Maruti,Swift,45012,1st,Petrol
607,769199,17110,2016,Maruti,VitaraBrezza,52988,1st,Diesel
608,495299,11018,2014,Ford,Ecosport,53514,1st,Petrol
609,434799,9672,2016,Maruti,WagonR1.0,28344,1st,Petrol
610,863999,19219,2017,Maruti,Ertiga,62533,1st,Diesel
611,893899,19884,2021,Hyundai,VENUE,11197,1st,Petrol
612,1037599,23081,2017,Hyundai,Creta,49234,1st,Petrol
613,2750000,61172,2019,Ford,Endeavour,81811,1st,Diesel
614,735399,16359,2018,Maruti,Ciaz,14122,1st,Petrol
615,1137899,25312,2019,Honda,City,17555,1st,Petrol
616,1778199,39555,2019,MG,HECTOR,22687,1st,Petrol
617,994999,22133,2019,Hyundai,Creta,61173,2nd,Diesel
618,700000,15571,2016,Hyundai,Verna,49323,1st,Petrol
619,120000,2669,2010,Maruti,AltoK10,80200,2nd,Petrol
620,820000,18240,2018,Maruti,VitaraBrezza,20017,1st,Diesel
621,265000,5895,2015,Hyundai,Eon,25628,1st,Petrol
622,420000,9343,2013,Renault,Duster,87671,2nd,Diesel
623,380000,8453,2007,Toyota,Innova,155130,2nd,Diesel
624,775000,17239,2018,Maruti,Ertiga,10312,1st,Petrol
625,170000,3782,2012,Ford,Figo,83698,1st,Petrol
626,344000,7652,2015,Maruti,Celerio,17861,1st,Petrol
627,700000,15571,2014,Mahindra,XUV500,88029,1st,Diesel
628,800000,17796,2015,Mahindra,XUV500,70954,2nd,Diesel
629,700000,15571,2013,Toyota,Innova,246865,2nd,Diesel
630,200000,4449,2011,Toyota,Etios,106451,2nd,Petrol
631,460000,10232,2016,Maruti,Baleno,38663,1st,Petrol
632,237000,5272,2013,Honda,Amaze,114975,2nd,Diesel
633,275000,6117,2012,Maruti,Alto800,15417,1st,Petrol
634,75000,1668,2011,Chevrolet,Spark,41692,1st,Petrol
635,60000,1335,2008,Mahindra,RenaultLogan,132353,1st,Diesel
636,540000,12012,2012,Toyota,Innova,300672,1st,Diesel
637,364000,8097,2013,Skoda,Yeti,124051,2nd,Diesel
638,500000,11122,2012,Renault,Duster,40354,3rd,Diesel
639,800000,17796,2016,Hyundai,Verna,80403,1st,Diesel
640,350000,7786,2014,Tata,SumoGold,134600,2nd,Diesel
641,850000,18908,2014,Skoda,Superb,58189,3rd,Petrol
642,150000,3337,2003,Tata,IndicaV2,90458,2nd,Diesel
643,150000,3337,2008,Maruti,AStar,34166,2nd,Petrol
644,600000,13347,2015,Honda,Mobilio,20612,1st,Petrol
645,1260000,28028,2011,Mercedes,BenzEClass,83602,2nd,Diesel
646,2750000,61172,2016,Audi,Q3,68290,1st,Diesel
647,600000,13347,2014,Nissan,Terrano,51516,2nd,Diesel
648,180000,4004,2010,Hyundai,i10,33567,1st,Petrol
649,1000000,22244,2010,Toyota,Fortuner,109598,2nd,Diesel
650,280000,6228,2016,Renault,Kwid,8944,1st,Petrol
651,350000,7786,2012,Toyota,Etios,109198,1st,Diesel
652,825000,18352,2017,Maruti,VitaraBrezza,53377,1st,Diesel
653,825000,18352,2016,Maruti,Ciaz,21926,1st,Diesel
654,225000,5005,2010,Maruti,SwiftDzire,32650,1st,Petrol
655,1150000,25581,2017,Hyundai,Verna,34871,1st,Diesel
